,Air Temperature,Wet Bulb Temperature,Humidity,Rain Intensity,Interval Rain,Total Rain,Wind Speed,Barometric Pressure,Solar Radiation
Air Temperature,1.0,0.9818253227893768,-0.0025991391055295784,0.00898867483759754,0.023434992263138194,0.4520810737442431,-0.17727206005392226,-0.2590504774603928,0.34277700129295396
Wet Bulb Temperature,0.9818253227893768,1.0,0.17701791393571506,0.02816476709762413,0.056880418787926955,0.4740565932392327,-0.1645820148328027,-0.28310721072960976,0.3010847922251242
Humidity,-0.0025991391055295784,0.17701791393571506,1.0,0.11219242145790341,0.18912737251193343,0.10778378612286,0.09273741075977822,-0.22140450998052083,-0.18524867790039046
Rain Intensity,0.00898867483759754,0.02816476709762413,0.11219242145790341,1.0,0.4698876383661747,0.017361080377292486,0.0694470128138575,-0.07345039584209805,-0.05024220602791059
Interval Rain,0.023434992263138194,0.056880418787926955,0.18912737251193343,0.4698876383661747,1.0,0.04324916197429878,0.06816705594470765,-0.11461830447743682,-0.07114415402120457
Total Rain,0.4520810737442431,0.4740565932392327,0.10778378612286,0.017361080377292486,0.04324916197429878,1.0,-0.057906001009799354,-0.004982262638600642,0.07529812901685962
Wind Speed,-0.17727206005392226,-0.1645820148328027,0.09273741075977822,0.0694470128138575,0.06816705594470765,-0.057906001009799354,1.0,-0.08830162522565106,0.013846500630248271
Barometric Pressure,-0.2590504774603928,-0.28310721072960976,-0.22140450998052083,-0.07345039584209805,-0.11461830447743682,-0.004982262638600642,-0.08830162522565106,1.0,0.05525102242918032
Solar Radiation,0.34277700129295396,0.3010847922251242,-0.18524867790039046,-0.05024220602791059,-0.07114415402120457,0.07529812901685962,0.013846500630248271,0.05525102242918032,1.0
