,Air Temperature,Wet Bulb Temperature,Humidity,Rain Intensity,Interval Rain,Total Rain,Wind Speed,Barometric Pressure,Solar Radiation
Air Temperature,1.0,0.9791127366960842,0.014367970144410299,0.008864563317641348,0.02456614985369261,0.45210320178412255,-0.1768735300959207,-0.25282656517518276,0.2907899764893255
Wet Bulb Temperature,0.9791127366960842,1.0,0.18313069094174844,0.02843139857879134,0.05407595634650025,0.46585744817046126,-0.1691736302262517,-0.276764420853935,0.24491531937048522
Humidity,0.014367970144410299,0.18313069094174844,1.0,0.11429826002463175,0.17299425575792288,0.10386417069250828,0.015114531601379025,-0.19552617701905953,-0.1580347437708156
Rain Intensity,0.008864563317641348,0.02843139857879134,0.11429826002463175,1.0,0.4319996522568468,0.014480849679880102,0.06107004817656402,-0.07733571852781373,-0.046038169882173734
Interval Rain,0.02456614985369261,0.05407595634650025,0.17299425575792288,0.4319996522568468,1.0,0.029844593555521645,0.057611084498490554,-0.10339865931602005,-0.05829783933088022
Total Rain,0.45210320178412255,0.46585744817046126,0.10386417069250828,0.014480849679880102,0.029844593555521645,1.0,-0.10265233880664636,0.005370425668314573,0.05323110250615979
Wind Speed,-0.1768735300959207,-0.1691736302262517,0.015114531601379025,0.06107004817656402,0.057611084498490554,-0.10265233880664636,1.0,-0.09519805131797615,-0.001155946087502657
Barometric Pressure,-0.25282656517518276,-0.276764420853935,-0.19552617701905953,-0.07733571852781373,-0.10339865931602005,0.005370425668314573,-0.09519805131797615,1.0,0.05923629101874514
Solar Radiation,0.2907899764893255,0.24491531937048522,-0.1580347437708156,-0.046038169882173734,-0.05829783933088022,0.05323110250615979,-0.001155946087502657,0.05923629101874514,1.0
