,Air Temperature,Wet Bulb Temperature,Humidity,Rain Intensity,Interval Rain,Total Rain,Wind Speed,Barometric Pressure,Solar Radiation
Air Temperature,1.0,0.9791519483104221,0.01442441917011384,0.008857782967783667,0.024552635062100307,0.45219305718432895,-0.17679116432394013,-0.25269576967269974,0.2907467244423448
Wet Bulb Temperature,0.9791519483104221,1.0,0.18313069094174844,0.02843139857879134,0.05407595634650025,0.46585744817046126,-0.1691736302262517,-0.2767123563304518,0.24491531937048522
Humidity,0.01442441917011384,0.18313069094174844,1.0,0.11429826002463175,0.17299425575792288,0.10386417069250828,0.015114531601379025,-0.1955944724202107,-0.1580347437708156
Rain Intensity,0.008857782967783667,0.02843139857879134,0.11429826002463175,1.0,0.4319996522568468,0.014480849679880102,0.06107004817656402,-0.07734669734523124,-0.046038169882173734
Interval Rain,0.024552635062100307,0.05407595634650025,0.17299425575792288,0.4319996522568468,1.0,0.029844593555521645,0.057611084498490554,-0.10340388921454619,-0.05829783933088022
Total Rain,0.45219305718432895,0.46585744817046126,0.10386417069250828,0.014480849679880102,0.029844593555521645,1.0,-0.10265233880664636,0.005275465631223821,0.05323110250615979
Wind Speed,-0.17679116432394013,-0.1691736302262517,0.015114531601379025,0.06107004817656402,0.057611084498490554,-0.10265233880664636,1.0,-0.09525079505450945,-0.001155946087502657
Barometric Pressure,-0.25269576967269974,-0.2767123563304518,-0.1955944724202107,-0.07734669734523124,-0.10340388921454619,0.005275465631223821,-0.09525079505450945,1.0,0.05926461173372221
Solar Radiation,0.2907467244423448,0.24491531937048522,-0.1580347437708156,-0.046038169882173734,-0.05829783933088022,0.05323110250615979,-0.001155946087502657,0.05926461173372221,1.0
