feature,importance
Wet Bulb Temperature,0.96510595
wind_v,0.0074694264
hour,0.006791226
Solar Radiation,0.006354661
wind_u,0.004571089
month,0.0036066028
Barometric Pressure,0.0027188817
Total Rain,0.0026365838
day_of_week,0.0007455576
